SOURCE,RID,D_ROLE,D_EXP,AC1,AC2,TA_1,TA_2,TA_3,TA_4,TA_5,RA_1,RA_2,RA_3,RA_4,RA_5,AT_1,AT_2,AT_3,AT_4,AT_5,SAP_1,SAP_2,SAP_3,SAP_4,SAP_5,FR_1,FR_2,FR_3,FR_4,FR_5,IR_1,IR_2,IR_3,IR_4,IR_5,RPG_1,RPG_2,RPG_3,RPG_4,RPG_5,PMI_1,PMI_2,PMI_3,PMI_4,PMI_5,AJQ_1,AJQ_2,AJQ_3,AJQ_4,AJQ_5,APR_1,APR_2,APR_3,APR_4,APR_5,RAB_1,RAB_2,RAB_3,RAB_4,RAB_5
SIMULATED_PRACTICE_DATA,SIM_0001,Compliance testing,2 to 5 years,2,4,5,4,3,2,5,4,3,3,2,4,4,2,4,2,4,3,3,3,2,1,3,3,5,3,4,4,3,4,2,4,3,3,4,2,2,3,2,3,2,3,4,4,3,2,4,3,3,3,3,3,2,3,4,3,3
SIMULATED_PRACTICE_DATA,SIM_0002,Internal audit,16+ years,2,4,2,3,4,4,3,4,5,5,1,3,3,3,3,2,2,3,4,4,2,2,4,5,4,2,4,4,3,4,3,3,3,5,3,2,4,3,5,3,2,4,4,3,3,2,3,4,4,4,1,3,5,3,3,2,4
SIMULATED_PRACTICE_DATA,SIM_0003,Credit/loan review,Less than 2 years,2,4,5,5,3,2,5,2,4,4,2,4,5,4,4,1,4,4,4,4,1,4,5,5,4,1,4,3,2,3,3,5,3,3,4,2,4,4,5,3,2,4,5,5,5,1,5,4,3,3,4,4,5,4,4,2,5
SIMULATED_PRACTICE_DATA,SIM_0004,Compliance testing,6 to 10 years,2,4,3,5,2,3,5,3,4,2,2,3,4,3,5,2,4,4,4,5,1,3,5,5,5,1,5,3,4,3,2,2,4,4,4,3,3,4,3,5,1,5,5,3,4,2,4,3,4,3,3,4,4,3,3,3,3
SIMULATED_PRACTICE_DATA,SIM_0005,Compliance testing,11 to 15 years,2,4,4,5,5,2,3,1,3,3,4,4,5,3,2,2,3,3,4,3,3,4,3,4,3,2,4,4,3,3,3,3,3,4,5,2,3,4,5,3,2,4,3,4,4,1,5,2,2,3,4,3,3,3,3,4,3
SIMULATED_PRACTICE_DATA,SIM_0006,Quality assurance,16+ years,4,4,4,3,4,2,3,3,3,3,2,3,2,3,2,3,4,2,1,2,3,2,3,2,3,3,3,3,2,3,4,3,3,2,3,2,2,3,3,4,2,3,4,3,4,3,4,4,3,4,3,4,2,3,4,3,4
SIMULATED_PRACTICE_DATA,SIM_0007,Enterprise risk,2 to 5 years,2,4,2,3,2,4,2,3,3,3,2,4,4,5,5,1,5,4,3,3,3,3,2,2,1,3,2,4,3,4,2,5,3,4,3,2,4,3,4,4,2,5,3,3,4,3,4,3,3,4,3,4,4,5,4,1,5
SIMULATED_PRACTICE_DATA,SIM_0008,SOX controls,11 to 15 years,2,4,4,4,3,4,3,5,4,5,4,4,5,4,4,3,4,5,5,4,2,4,3,2,4,2,2,3,3,4,1,4,2,3,3,3,4,3,3,4,3,4,3,4,4,2,4,5,4,5,1,5,4,5,5,3,5
SIMULATED_PRACTICE_DATA,SIM_0009,Credit/loan review,6 to 10 years,2,4,3,4,3,4,3,3,2,3,4,2,3,3,2,3,3,3,4,4,3,3,3,3,3,1,4,4,3,5,2,4,3,3,2,3,4,1,3,3,3,4,2,4,3,1,3,3,2,3,4,1,4,3,4,3,3
SIMULATED_PRACTICE_DATA,SIM_0010,Credit/loan review,2 to 5 years,2,4,4,3,5,3,3,3,3,3,3,3,5,4,5,2,4,3,4,4,3,4,4,4,4,2,4,4,3,3,2,5,2,4,4,2,3,5,2,4,1,4,3,2,2,3,3,4,5,5,1,4,4,3,3,4,5
SIMULATED_PRACTICE_DATA,SIM_0011,Internal audit,Less than 2 years,2,4,2,4,4,2,5,4,4,5,3,4,5,5,4,1,4,5,5,5,1,4,4,5,3,1,5,5,5,4,1,5,5,5,4,2,5,5,4,5,2,5,5,5,4,2,5,4,4,5,1,4,5,4,4,2,5
SIMULATED_PRACTICE_DATA,SIM_0012,Internal audit,6 to 10 years,2,4,3,3,4,2,4,5,3,4,2,4,5,3,4,3,4,5,4,5,1,4,3,3,3,2,3,4,2,2,3,2,4,5,5,2,3,4,3,3,2,4,3,4,4,3,3,5,4,5,2,4,4,3,4,3,5
SIMULATED_PRACTICE_DATA,SIM_0013,Compliance testing,Less than 2 years,2,4,1,3,3,4,2,3,5,2,4,3,3,3,3,1,2,4,2,3,3,3,4,4,3,2,4,2,2,2,3,4,4,3,2,4,4,2,1,1,5,2,2,4,2,3,1,4,3,4,3,4,4,3,4,3,2
SIMULATED_PRACTICE_DATA,SIM_0014,Internal audit,6 to 10 years,2,4,4,5,4,1,4,4,4,4,3,3,3,4,3,2,4,5,5,4,2,5,4,5,4,2,5,3,4,3,2,5,2,5,4,1,4,4,4,4,2,5,4,4,4,3,3,4,4,4,2,4,5,4,4,2,5
SIMULATED_PRACTICE_DATA,SIM_0015,Internal audit,6 to 10 years,2,4,2,4,4,4,3,2,3,2,3,3,2,2,3,3,3,3,3,3,2,3,4,4,2,2,2,2,4,2,3,2,3,2,2,3,2,2,3,2,5,4,3,2,2,3,3,4,3,3,2,3,4,3,3,3,4
SIMULATED_PRACTICE_DATA,SIM_0016,Quality assurance,6 to 10 years,2,4,5,4,4,2,4,4,2,2,4,3,3,4,3,2,4,4,4,4,2,4,4,3,4,2,5,5,3,3,2,4,3,3,3,3,4,4,4,4,2,4,4,3,3,1,5,3,4,4,2,3,4,5,4,2,4
SIMULATED_PRACTICE_DATA,SIM_0017,Internal audit,11 to 15 years,2,4,3,3,3,3,3,3,2,2,3,2,2,4,4,4,3,3,3,4,3,4,3,4,3,3,3,3,4,4,2,4,3,3,3,2,3,3,3,4,3,3,3,4,2,2,3,3,3,4,4,4,4,4,3,3,4
SIMULATED_PRACTICE_DATA,SIM_0018,External audit,6 to 10 years,2,4,5,4,4,1,5,3,3,3,3,3,3,4,3,4,3,4,2,4,2,4,4,3,4,3,4,3,3,3,2,4,3,4,3,2,4,2,4,3,4,2,3,3,3,4,2,4,4,5,3,4,4,4,3,2,3
SIMULATED_PRACTICE_DATA,SIM_0019,External audit,6 to 10 years,2,4,5,3,3,2,4,4,4,4,3,3,4,4,4,3,3,4,4,2,2,3,3,3,3,3,4,5,5,4,2,3,5,4,5,2,5,3,1,3,3,3,2,3,3,4,3,4,4,4,2,3,4,4,3,2,4
SIMULATED_PRACTICE_DATA,SIM_0020,External audit,11 to 15 years,2,4,4,3,4,3,3,2,3,3,5,3,4,3,2,4,3,1,3,2,4,2,3,3,3,3,3,2,2,2,4,4,3,2,3,2,3,3,3,2,5,2,4,5,4,3,3,3,1,3,4,1,2,3,2,4,2
SIMULATED_PRACTICE_DATA,SIM_0021,External audit,6 to 10 years,2,4,3,4,4,3,4,3,3,2,2,3,3,4,4,2,3,4,4,4,3,2,4,3,4,2,4,5,4,5,2,3,5,4,3,2,3,4,5,3,2,4,5,4,4,2,3,5,4,2,1,4,4,5,4,2,3
SIMULATED_PRACTICE_DATA,SIM_0022,Enterprise risk,2 to 5 years,2,4,3,2,3,3,3,5,4,3,2,3,4,3,5,2,4,3,3,4,4,4,3,3,4,3,3,4,4,4,2,4,3,4,3,4,4,3,3,4,3,4,2,4,3,3,2,2,1,2,5,2,3,3,4,3,3
SIMULATED_PRACTICE_DATA,SIM_0023,Quality assurance,16+ years,2,4,3,4,2,2,2,1,2,4,3,2,2,2,4,3,3,4,5,5,1,4,5,4,4,2,2,3,5,4,2,3,5,4,4,2,4,5,3,4,2,4,4,4,4,1,4,4,5,5,2,5,2,4,3,3,4
SIMULATED_PRACTICE_DATA,SIM_0024,Internal audit,Less than 2 years,2,4,4,5,4,2,4,5,5,4,2,4,4,5,4,2,4,5,5,4,2,5,5,5,5,1,5,4,5,3,3,5,3,3,4,4,4,4,4,3,3,4,4,4,4,2,4,3,5,4,2,5,4,5,3,3,3
SIMULATED_PRACTICE_DATA,SIM_0025,SOX controls,11 to 15 years,2,4,2,5,4,2,2,3,2,3,2,4,3,3,2,2,3,3,3,2,3,3,3,2,2,4,3,4,4,4,3,3,3,3,4,2,4,3,2,4,3,4,3,5,4,3,5,3,3,4,3,2,2,3,4,3,3
SIMULATED_PRACTICE_DATA,SIM_0026,External audit,2 to 5 years,2,4,4,3,3,2,4,4,3,4,2,4,5,5,3,2,4,4,4,4,2,5,5,5,5,1,5,4,4,4,2,4,4,4,4,2,3,4,3,3,1,3,3,4,3,2,5,3,5,4,1,4,3,4,3,2,4
SIMULATED_PRACTICE_DATA,SIM_0027,SOX controls,16+ years,2,4,4,3,2,2,5,2,4,5,2,2,3,3,3,3,5,3,2,3,5,3,3,2,3,4,4,2,3,2,2,4,3,3,4,2,3,2,2,2,3,3,2,2,2,4,1,2,1,3,4,3,3,3,2,3,2
SIMULATED_PRACTICE_DATA,SIM_0028,Credit/loan review,2 to 5 years,1,4,2,3,3,3,4,4,4,4,2,5,3,3,4,3,5,3,2,3,3,2,4,3,5,2,4,5,4,5,1,4,2,3,2,4,3,4,4,5,2,2,3,4,2,2,2,5,4,5,2,4,4,4,2,2,4
SIMULATED_PRACTICE_DATA,SIM_0029,Credit/loan review,Less than 2 years,2,4,5,4,3,2,3,2,3,2,3,3,5,5,5,2,4,3,4,4,2,5,5,5,5,2,5,3,2,2,3,4,4,3,3,3,4,2,4,2,4,4,4,5,4,2,4,3,4,2,3,5,4,3,3,3,3
SIMULATED_PRACTICE_DATA,SIM_0030,Quality assurance,11 to 15 years,2,1,3,2,4,3,3,4,4,2,3,5,4,4,4,2,3,4,3,4,2,4,3,3,3,2,2,3,4,3,2,3,3,3,3,2,3,3,3,2,3,3,4,3,5,3,5,3,5,3,3,3,4,5,3,2,3
SIMULATED_PRACTICE_DATA,SIM_0031,External audit,6 to 10 years,2,4,3,5,5,3,5,4,3,4,1,5,4,4,3,2,4,4,4,3,2,3,4,4,3,1,4,4,5,3,3,3,4,3,3,3,4,3,4,3,3,4,3,3,4,3,4,4,5,4,3,4,4,3,5,2,5
SIMULATED_PRACTICE_DATA,SIM_0032,External audit,6 to 10 years,2,4,4,4,5,2,4,4,4,4,3,5,3,3,4,3,2,3,4,4,1,2,3,3,3,1,3,3,2,4,4,2,4,4,3,3,4,3,2,3,3,2,3,3,3,3,3,3,4,4,3,3,4,4,4,2,5
SIMULATED_PRACTICE_DATA,SIM_0033,Credit/loan review,2 to 5 years,2,4,5,5,4,1,5,5,4,4,2,5,5,4,4,2,5,4,5,3,2,5,5,3,4,2,3,4,5,4,2,5,5,4,5,1,5,4,4,3,3,3,4,4,5,1,5,3,4,4,2,4,4,3,4,2,3
SIMULATED_PRACTICE_DATA,SIM_0034,Enterprise risk,2 to 5 years,2,4,5,3,4,3,2,3,4,3,2,4,4,4,3,2,4,4,4,3,2,3,4,3,3,2,3,4,5,2,2,4,5,3,4,1,5,4,5,4,2,3,3,3,3,3,4,3,2,1,5,1,5,4,5,3,2
SIMULATED_PRACTICE_DATA,SIM_0035,Internal audit,Less than 2 years,2,4,4,4,3,3,4,2,2,2,4,2,4,4,3,2,5,4,2,3,3,3,3,3,4,3,2,3,3,2,3,4,2,3,3,3,3,3,3,4,2,4,3,4,5,3,3,2,1,2,5,1,3,3,1,2,3
SIMULATED_PRACTICE_DATA,SIM_0036,Compliance testing,2 to 5 years,2,4,3,3,3,4,1,4,4,3,1,4,3,3,3,2,4,2,2,3,3,3,3,5,4,1,4,3,3,3,3,3,5,5,4,1,5,2,2,3,2,4,2,4,3,3,2,2,2,1,4,2,3,3,3,4,3
SIMULATED_PRACTICE_DATA,SIM_0037,Internal audit,16+ years,2,4,4,4,5,1,4,5,5,4,1,5,5,3,3,2,5,4,4,4,1,4,4,4,3,2,5,2,3,4,4,2,4,5,4,3,5,3,4,4,3,4,5,5,5,1,4,4,4,4,2,5,4,5,4,2,5
SIMULATED_PRACTICE_DATA,SIM_0038,SOX controls,2 to 5 years,2,2,3,4,2,3,3,4,4,5,2,3,4,3,4,3,3,3,5,4,1,5,4,5,4,1,5,5,4,4,2,5,4,5,5,1,4,4,5,4,3,3,4,4,5,1,4,5,5,5,1,5,5,4,3,2,3
SIMULATED_PRACTICE_DATA,SIM_0039,Quality assurance,16+ years,2,4,3,4,3,3,3,4,3,3,3,4,3,4,3,3,4,4,3,3,1,3,3,3,5,1,5,5,4,5,2,5,4,3,3,3,3,4,3,4,2,4,3,3,4,3,3,4,3,3,2,5,5,5,4,2,5
SIMULATED_PRACTICE_DATA,SIM_0040,Internal audit,Less than 2 years,4,4,1,2,2,3,3,4,3,4,2,4,3,2,4,3,2,2,3,3,2,3,3,4,3,3,3,3,4,4,2,4,4,2,3,3,4,3,4,4,2,5,3,3,4,3,4,5,3,3,3,3,3,3,4,3,3
SIMULATED_PRACTICE_DATA,SIM_0041,External audit,6 to 10 years,2,4,4,4,5,2,4,2,2,1,4,3,3,3,4,2,4,3,3,4,4,3,3,2,3,1,4,4,2,3,3,3,4,3,3,2,1,2,5,4,3,3,4,4,4,2,4,2,4,4,2,4,3,2,1,3,2
SIMULATED_PRACTICE_DATA,SIM_0042,Internal audit,11 to 15 years,2,4,4,5,3,2,4,4,5,3,1,5,3,4,3,3,2,4,5,5,2,5,5,4,5,2,5,3,2,2,3,3,3,3,3,2,2,4,4,5,1,5,4,3,4,1,4,5,4,5,1,5,4,4,5,3,3
SIMULATED_PRACTICE_DATA,SIM_0043,Quality assurance,11 to 15 years,2,4,5,4,5,1,5,5,4,3,1,4,4,4,4,3,4,3,5,4,2,4,4,4,3,1,4,2,4,4,3,3,4,5,4,2,3,3,4,2,3,3,5,4,5,3,5,5,5,5,1,4,5,5,5,2,5
SIMULATED_PRACTICE_DATA,SIM_0044,SOX controls,Less than 2 years,2,4,4,3,4,3,4,3,4,3,2,3,4,5,2,1,5,5,4,5,2,4,4,4,5,2,5,4,4,5,1,4,4,4,5,1,5,4,2,5,1,5,4,4,4,3,4,4,5,2,2,4,3,3,4,3,3
SIMULATED_PRACTICE_DATA,SIM_0045,External audit,6 to 10 years,2,4,3,2,2,3,3,4,2,2,4,2,2,2,2,2,3,4,3,3,2,4,4,3,3,4,2,2,3,2,3,3,2,4,4,2,3,2,1,1,4,2,2,2,2,4,2,3,4,4,2,3,4,3,3,3,3
SIMULATED_PRACTICE_DATA,SIM_0046,Enterprise risk,6 to 10 years,5,4,4,5,3,1,3,4,5,5,1,3,5,4,3,2,5,5,4,4,2,4,5,5,5,1,4,4,5,4,1,5,3,4,4,3,3,3,5,4,1,3,3,4,3,2,2,3,4,4,2,4,4,3,5,2,5
SIMULATED_PRACTICE_DATA,SIM_0047,External audit,Less than 2 years,2,4,3,3,3,1,3,3,3,5,2,4,4,3,2,3,4,4,4,3,1,5,5,4,3,3,4,4,4,4,2,5,2,5,3,2,2,4,5,4,2,3,5,4,5,1,5,5,4,5,2,4,5,4,3,2,4
SIMULATED_PRACTICE_DATA,SIM_0048,Quality assurance,2 to 5 years,2,4,3,4,4,1,4,3,3,2,3,2,3,3,2,3,3,3,3,5,3,4,4,3,3,3,4,3,3,2,3,4,2,3,2,3,2,4,3,4,3,3,4,3,3,2,2,2,3,4,4,2,4,4,3,3,3
SIMULATED_PRACTICE_DATA,SIM_0049,Internal audit,11 to 15 years,2,4,4,4,3,3,3,3,2,3,3,3,4,4,3,2,4,4,4,4,2,3,3,4,4,3,3,4,4,5,2,4,4,5,4,1,5,5,4,3,1,4,4,5,4,3,4,4,3,5,2,4,4,5,5,3,3
SIMULATED_PRACTICE_DATA,SIM_0050,Enterprise risk,16+ years,2,4,4,4,4,2,3,4,5,4,2,4,4,4,3,3,3,5,4,5,2,4,4,4,3,3,4,3,3,3,2,4,4,3,4,3,4,4,5,3,1,3,3,2,3,4,2,4,4,3,4,2,3,4,4,3,5
SIMULATED_PRACTICE_DATA,SIM_0051,Compliance testing,Less than 2 years,2,4,5,4,4,2,4,3,4,4,2,3,3,2,4,2,4,4,5,5,2,5,2,5,4,2,4,3,3,4,2,3,4,3,3,4,2,4,5,4,2,3,4,4,4,3,2,4,4,4,3,4,4,4,3,3,4
SIMULATED_PRACTICE_DATA,SIM_0052,Credit/loan review,6 to 10 years,2,4,4,5,5,2,5,5,4,4,1,3,5,3,4,3,4,3,3,4,3,4,5,5,4,1,4,5,4,4,1,5,5,5,4,1,5,3,5,3,2,3,5,5,5,1,5,4,4,5,2,5,4,4,5,3,3
SIMULATED_PRACTICE_DATA,SIM_0053,Internal audit,6 to 10 years,2,4,4,3,4,3,2,2,2,3,5,3,3,2,4,3,3,2,4,2,4,3,2,3,3,4,2,3,2,3,4,2,4,4,3,2,3,1,1,2,4,2,3,3,2,4,3,2,3,4,4,2,4,3,3,2,2
SIMULATED_PRACTICE_DATA,SIM_0054,External audit,6 to 10 years,2,4,5,3,4,2,5,3,3,2,4,2,3,4,3,3,4,4,4,2,3,4,3,3,5,4,2,3,3,2,2,4,2,1,3,3,3,5,4,4,2,3,3,4,2,3,3,2,3,3,3,5,3,2,3,3,2
SIMULATED_PRACTICE_DATA,SIM_0055,Internal audit,6 to 10 years,2,4,2,3,4,2,4,3,2,4,4,2,3,3,3,3,3,2,1,3,3,1,2,4,3,3,2,3,3,4,3,2,1,3,1,5,1,2,2,3,2,2,3,2,3,4,2,3,4,4,3,3,3,3,4,3,2
SIMULATED_PRACTICE_DATA,SIM_0056,External audit,2 to 5 years,2,4,3,1,3,4,2,5,3,3,3,3,2,4,4,3,3,4,3,3,2,4,3,4,2,2,4,4,4,3,2,4,3,4,4,1,3,2,3,2,4,3,4,3,3,3,2,3,3,3,3,3,2,2,3,4,2
SIMULATED_PRACTICE_DATA,SIM_0057,Internal audit,2 to 5 years,2,4,3,3,3,3,5,4,3,4,3,4,4,3,5,2,5,5,4,4,2,4,3,4,3,2,4,3,3,3,3,4,4,4,4,3,4,3,5,4,2,5,3,4,3,2,4,4,3,4,3,2,3,4,4,4,5
SIMULATED_PRACTICE_DATA,SIM_0058,Enterprise risk,Less than 2 years,3,4,4,4,3,3,5,2,4,3,3,2,4,4,3,2,5,4,4,5,1,5,3,3,5,2,4,3,5,3,2,3,4,3,2,4,3,3,5,4,3,5,5,4,4,2,4,3,4,4,3,4,3,4,4,3,4
SIMULATED_PRACTICE_DATA,SIM_0059,Internal audit,6 to 10 years,2,4,4,3,3,2,5,3,5,4,1,3,5,5,4,3,5,4,3,3,3,5,4,4,4,1,3,5,4,5,1,4,3,4,4,3,4,4,3,4,2,4,2,2,4,1,4,2,4,4,4,4,3,3,4,3,3
SIMULATED_PRACTICE_DATA,SIM_0060,Internal audit,11 to 15 years,2,4,3,3,2,2,4,3,3,4,3,3,2,3,3,4,3,3,4,3,2,3,3,5,4,2,3,4,3,2,3,4,5,5,5,3,4,4,2,4,3,3,4,3,3,4,4,5,5,3,2,4,5,2,5,2,3
SIMULATED_PRACTICE_DATA,SIM_0061,External audit,16+ years,2,4,4,5,4,3,4,3,2,3,2,4,3,3,4,3,2,3,3,3,3,2,4,5,2,2,3,3,3,3,4,4,2,3,4,1,2,4,3,4,3,3,4,3,3,2,3,3,3,4,3,3,5,4,5,2,4
SIMULATED_PRACTICE_DATA,SIM_0062,External audit,Less than 2 years,2,4,4,5,4,1,4,3,2,2,3,3,3,2,5,3,3,4,5,3,2,4,4,3,2,2,4,4,4,4,2,4,3,4,4,2,3,3,3,4,3,4,2,4,2,2,2,4,3,4,4,4,4,4,3,4,5
SIMULATED_PRACTICE_DATA,SIM_0063,Internal audit,16+ years,2,4,5,5,4,2,4,5,5,5,2,3,5,5,4,1,4,5,5,5,1,5,5,5,5,2,5,4,2,4,3,5,4,4,4,4,4,4,5,3,2,5,5,4,5,2,4,5,5,5,2,5,4,3,4,2,5
SIMULATED_PRACTICE_DATA,SIM_0064,Internal audit,2 to 5 years,2,4,4,3,2,3,4,4,5,4,2,5,2,2,4,3,3,4,2,3,3,3,3,5,3,2,3,3,3,2,4,4,4,3,2,3,3,2,3,2,3,3,3,4,3,3,4,2,3,2,3,2,2,3,3,3,3
SIMULATED_PRACTICE_DATA,SIM_0065,Internal audit,16+ years,2,4,4,3,2,3,4,3,4,4,3,4,2,5,2,3,3,3,3,2,3,2,4,4,3,2,4,3,3,2,3,2,2,3,3,3,4,4,2,3,2,3,3,3,3,3,3,2,4,3,3,3,2,4,2,4,1
SIMULATED_PRACTICE_DATA,SIM_0066,Compliance testing,11 to 15 years,2,4,2,4,5,1,4,3,2,2,3,3,4,4,4,3,2,4,4,3,1,4,4,4,3,1,3,5,4,4,1,5,3,4,3,3,5,2,3,2,4,3,3,3,2,3,4,4,4,4,2,4,4,2,4,2,4
SIMULATED_PRACTICE_DATA,SIM_0067,Enterprise risk,6 to 10 years,2,4,3,5,4,1,4,2,3,4,3,3,3,3,5,3,4,3,4,3,2,4,3,3,3,3,4,3,4,2,4,2,3,4,3,3,5,5,3,4,2,4,2,2,3,3,3,4,2,3,3,3,2,3,3,3,3
SIMULATED_PRACTICE_DATA,SIM_0068,External audit,11 to 15 years,2,4,5,5,5,2,5,2,3,4,4,4,3,4,3,3,3,2,2,2,3,3,3,4,4,2,3,3,4,3,2,4,3,3,2,2,2,4,3,3,4,2,3,5,4,3,3,3,3,3,3,3,5,4,2,3,3
SIMULATED_PRACTICE_DATA,SIM_0069,Credit/loan review,11 to 15 years,2,4,4,4,4,2,4,5,3,4,3,4,2,4,4,3,1,3,3,1,4,3,2,3,1,4,1,4,4,3,2,4,3,2,2,3,3,5,3,5,1,4,2,3,2,3,2,3,5,3,4,3,3,2,3,4,3
SIMULATED_PRACTICE_DATA,SIM_0070,Internal audit,Less than 2 years,2,4,4,3,4,1,5,5,5,3,1,5,3,4,2,3,4,4,4,5,2,3,4,4,3,2,4,4,4,5,3,4,3,2,3,3,4,2,4,3,3,2,4,3,3,1,3,2,5,2,2,3,4,3,3,4,3
SIMULATED_PRACTICE_DATA,SIM_0071,External audit,Less than 2 years,2,4,4,4,4,2,3,3,2,5,4,4,3,4,4,3,3,2,3,3,4,1,3,4,2,3,3,3,4,3,2,4,3,3,2,2,3,3,4,3,4,2,3,2,3,3,4,3,2,2,4,2,2,3,4,4,3
SIMULATED_PRACTICE_DATA,SIM_0072,Compliance testing,6 to 10 years,2,4,5,4,4,2,4,4,4,4,2,4,4,5,4,2,4,5,3,3,2,5,4,3,4,4,4,2,2,3,3,2,3,3,3,3,3,3,5,4,2,4,5,5,5,1,5,5,2,3,2,4,5,5,4,2,4
SIMULATED_PRACTICE_DATA,SIM_0073,Enterprise risk,Less than 2 years,2,4,5,4,3,1,2,3,4,4,3,5,4,5,3,3,5,4,5,3,2,4,4,3,4,2,5,5,4,4,2,5,3,4,3,3,4,4,3,4,2,5,4,3,4,2,3,2,3,4,3,3,3,3,3,4,4
SIMULATED_PRACTICE_DATA,SIM_0074,Quality assurance,Less than 2 years,2,4,3,1,4,4,1,4,3,4,3,4,4,3,3,2,4,3,4,5,1,4,3,2,3,1,4,3,4,4,2,3,4,4,3,1,3,4,4,5,2,3,3,5,5,3,4,3,5,4,2,5,3,5,4,1,4
SIMULATED_PRACTICE_DATA,SIM_0075,Quality assurance,11 to 15 years,2,4,3,3,2,3,4,3,3,3,2,1,3,4,4,3,4,3,2,3,3,2,3,4,5,3,4,2,2,3,4,2,4,4,4,3,3,5,2,3,3,3,2,2,2,3,3,2,2,1,4,2,4,3,3,3,3
SIMULATED_PRACTICE_DATA,SIM_0076,Credit/loan review,2 to 5 years,2,4,3,3,4,3,2,5,5,5,1,5,4,3,4,2,4,4,3,5,1,4,3,3,4,4,4,5,5,4,3,5,4,3,3,3,3,4,3,4,3,3,4,4,5,2,5,3,3,3,2,3,5,4,5,3,4
SIMULATED_PRACTICE_DATA,SIM_0077,Enterprise risk,2 to 5 years,2,4,4,4,2,2,3,2,3,4,3,2,5,4,5,1,5,4,3,2,3,2,4,2,3,3,4,3,3,4,3,3,4,3,3,3,3,5,5,5,2,4,4,3,3,3,4,3,3,2,2,5,4,3,4,4,3
SIMULATED_PRACTICE_DATA,SIM_0078,Enterprise risk,2 to 5 years,2,4,3,3,3,3,4,4,5,4,1,4,4,3,3,3,5,5,3,4,1,3,3,5,4,1,4,4,4,5,2,4,3,3,4,3,3,4,3,4,2,5,4,3,3,2,3,5,3,5,2,3,5,4,4,3,4
SIMULATED_PRACTICE_DATA,SIM_0079,Compliance testing,11 to 15 years,2,4,4,4,4,3,3,4,5,5,3,4,3,3,2,3,3,5,5,4,1,4,5,5,4,1,5,5,4,4,2,3,4,4,5,3,5,4,4,4,2,5,3,5,3,2,4,4,3,3,2,5,3,4,5,1,4
SIMULATED_PRACTICE_DATA,SIM_0080,Internal audit,Less than 2 years,2,4,3,3,2,2,4,3,3,4,3,5,3,2,2,3,4,2,3,3,4,4,3,3,3,3,3,3,4,3,2,3,4,3,2,3,3,2,4,2,2,3,3,2,3,2,4,2,4,3,3,3,3,2,2,2,3
SIMULATED_PRACTICE_DATA,SIM_0081,Credit/loan review,2 to 5 years,2,4,5,4,3,2,4,3,4,4,2,4,5,5,4,1,5,5,5,5,3,5,3,4,4,1,4,4,5,4,1,3,3,4,5,2,5,4,3,3,2,5,2,3,3,2,2,3,5,4,4,3,4,2,4,4,2
SIMULATED_PRACTICE_DATA,SIM_0082,Enterprise risk,6 to 10 years,2,4,3,3,1,3,3,3,5,4,2,2,2,3,4,3,4,3,2,4,2,4,2,3,2,3,3,2,2,2,4,3,2,4,3,2,3,3,3,2,4,4,4,3,4,2,4,4,5,3,2,3,3,4,5,2,5
SIMULATED_PRACTICE_DATA,SIM_0083,Credit/loan review,2 to 5 years,2,4,4,3,3,2,4,4,4,4,2,5,4,5,4,1,3,5,5,4,2,5,3,4,4,1,3,5,4,4,3,3,4,5,5,1,5,3,4,4,3,4,4,3,3,2,5,5,5,5,1,5,4,5,5,1,4
SIMULATED_PRACTICE_DATA,SIM_0084,Compliance testing,2 to 5 years,2,4,5,2,5,2,4,4,3,3,4,3,4,3,4,1,5,3,3,4,2,2,3,4,5,1,4,2,3,3,4,3,3,3,4,2,4,4,5,4,3,4,4,4,4,2,3,3,4,5,1,4,4,3,4,1,3
SIMULATED_PRACTICE_DATA,SIM_0085,Internal audit,6 to 10 years,2,4,1,2,3,3,4,4,3,1,4,2,3,4,2,3,3,4,4,5,2,4,2,3,2,2,3,4,4,4,2,4,3,4,3,4,2,1,3,1,4,1,3,4,4,3,3,4,5,4,3,5,3,3,5,2,4
SIMULATED_PRACTICE_DATA,SIM_0086,Internal audit,11 to 15 years,3,4,4,5,4,3,4,4,5,3,3,4,2,5,4,4,3,3,4,3,2,3,3,2,3,3,3,3,5,4,2,4,4,4,3,1,3,3,3,3,2,3,5,3,5,2,5,3,3,5,2,3,3,3,3,2,3
SIMULATED_PRACTICE_DATA,SIM_0087,Enterprise risk,6 to 10 years,2,4,4,3,3,3,4,3,4,3,3,5,3,3,3,5,4,3,4,3,2,5,3,4,3,4,3,2,2,2,4,3,4,4,3,1,2,4,4,3,3,3,4,4,4,3,3,3,3,4,3,4,4,4,4,2,5
SIMULATED_PRACTICE_DATA,SIM_0088,Credit/loan review,6 to 10 years,2,4,3,4,4,2,4,3,4,4,2,4,5,5,5,2,4,4,4,4,2,4,3,2,3,4,4,4,5,4,3,4,4,4,5,2,5,5,3,4,3,2,3,4,5,1,4,5,5,3,2,3,5,5,4,2,4
SIMULATED_PRACTICE_DATA,SIM_0089,Credit/loan review,2 to 5 years,2,4,4,4,4,2,5,3,5,4,2,3,5,4,4,1,5,3,4,3,3,3,4,4,5,2,4,5,4,4,2,5,5,5,4,2,5,5,5,3,1,4,5,5,4,1,5,5,5,5,1,5,4,4,4,3,4
SIMULATED_PRACTICE_DATA,SIM_0090,Enterprise risk,2 to 5 years,2,4,3,4,5,2,4,5,5,5,2,4,4,4,2,3,5,5,5,5,1,4,3,3,4,2,3,5,5,4,2,5,3,4,5,1,4,3,5,3,3,4,5,5,3,2,4,4,3,3,2,4,5,4,5,1,5
SIMULATED_PRACTICE_DATA,SIM_0091,Quality assurance,16+ years,2,4,3,2,4,2,4,2,3,3,3,3,2,4,3,4,2,3,3,5,2,2,5,5,5,1,4,3,4,5,3,4,3,4,3,3,3,5,4,5,3,4,3,4,3,3,5,4,4,3,2,5,3,3,3,4,4
SIMULATED_PRACTICE_DATA,SIM_0092,SOX controls,2 to 5 years,2,4,4,5,4,1,5,4,3,3,3,3,4,4,2,3,3,2,4,3,4,2,5,4,4,2,4,4,3,3,3,3,4,4,4,4,3,4,3,3,2,5,4,3,3,2,3,3,4,2,1,4,4,5,4,2,4
SIMULATED_PRACTICE_DATA,SIM_0093,External audit,2 to 5 years,2,4,3,2,3,3,4,3,4,3,3,3,4,4,3,2,5,4,4,4,2,3,5,5,5,1,4,5,4,4,1,4,3,3,3,3,2,2,3,2,3,4,3,4,3,2,4,5,5,4,2,4,5,4,4,1,5
SIMULATED_PRACTICE_DATA,SIM_0094,Internal audit,11 to 15 years,2,4,3,1,3,4,1,3,3,4,4,3,2,2,2,4,2,4,2,3,2,4,3,2,3,4,2,3,4,4,3,3,2,3,2,3,3,1,5,3,2,2,3,4,4,2,3,3,4,1,3,3,2,3,1,3,4
SIMULATED_PRACTICE_DATA,SIM_0095,External audit,11 to 15 years,2,4,2,2,1,2,1,2,2,2,4,4,3,2,3,5,2,3,3,5,3,3,3,1,1,5,3,1,3,3,4,2,2,2,2,3,2,3,3,3,4,3,4,3,2,4,2,3,3,3,3,4,4,4,3,3,3
SIMULATED_PRACTICE_DATA,SIM_0096,Credit/loan review,Less than 2 years,2,2,4,3,4,1,4,3,4,5,2,5,5,4,4,1,4,5,5,5,2,5,5,4,5,2,4,4,5,5,1,5,4,5,4,1,4,5,4,5,1,4,5,4,4,1,5,3,4,4,1,4,3,2,4,1,3
SIMULATED_PRACTICE_DATA,SIM_0097,Compliance testing,Less than 2 years,2,4,2,3,5,2,4,3,3,3,3,4,4,4,4,3,5,4,4,4,3,3,4,3,2,2,5,2,2,4,3,3,4,4,4,2,5,4,5,4,2,4,5,5,5,3,4,4,3,5,1,5,4,4,3,1,4
SIMULATED_PRACTICE_DATA,SIM_0098,Enterprise risk,2 to 5 years,2,4,4,3,4,2,5,4,5,3,2,5,5,4,3,1,4,3,3,2,3,3,3,3,3,2,5,4,3,3,2,3,5,4,5,2,5,5,4,3,1,3,3,3,3,5,3,4,4,2,3,3,4,5,4,4,4
SIMULATED_PRACTICE_DATA,SIM_0099,Quality assurance,2 to 5 years,2,4,4,3,5,2,4,5,4,4,2,5,4,5,5,1,5,4,2,3,2,5,4,4,4,2,3,5,4,3,2,4,4,3,2,3,4,5,3,5,1,5,4,4,4,2,4,5,3,4,2,5,4,4,3,3,2
SIMULATED_PRACTICE_DATA,SIM_0100,Compliance testing,6 to 10 years,2,4,3,4,3,2,4,5,5,4,1,4,3,3,2,2,3,3,2,2,3,5,4,4,3,3,3,2,2,5,4,3,4,3,3,3,3,3,4,5,2,4,3,2,2,3,2,3,2,3,2,3,3,3,4,3,5
SIMULATED_PRACTICE_DATA,SIM_0101,Enterprise risk,11 to 15 years,2,4,4,3,3,3,3,3,3,3,4,4,3,3,3,3,4,3,3,3,2,3,4,4,4,3,3,3,3,2,2,3,3,3,2,4,3,2,5,3,4,3,3,4,3,2,3,4,4,5,2,4,3,5,3,2,4
SIMULATED_PRACTICE_DATA,SIM_0102,Credit/loan review,11 to 15 years,2,4,1,3,3,4,3,3,1,2,4,2,2,2,3,2,3,4,3,3,3,3,4,3,3,3,3,4,4,3,3,4,3,3,3,4,4,2,3,3,3,3,3,5,4,3,4,3,4,4,3,2,3,5,3,2,4
SIMULATED_PRACTICE_DATA,SIM_0103,Internal audit,6 to 10 years,2,4,4,4,3,4,4,3,5,3,2,4,3,3,4,2,5,3,4,3,2,5,3,4,4,1,4,4,3,5,2,4,5,5,4,1,4,4,2,3,3,2,2,3,4,2,3,2,4,3,3,4,5,4,4,2,4
SIMULATED_PRACTICE_DATA,SIM_0104,Internal audit,Less than 2 years,2,4,2,2,4,4,2,5,5,4,2,5,4,4,1,2,4,1,1,1,5,1,4,4,4,3,3,3,2,3,3,2,3,4,3,1,3,2,3,4,2,3,3,3,3,3,4,4,3,3,2,2,5,5,5,1,4
SIMULATED_PRACTICE_DATA,SIM_0105,Enterprise risk,Less than 2 years,2,4,5,5,4,1,5,5,5,4,1,5,5,4,5,1,5,4,3,4,2,3,4,4,5,2,4,4,5,5,1,4,4,5,4,1,3,4,5,4,1,4,5,5,4,1,5,5,4,5,1,4,5,5,5,1,5
SIMULATED_PRACTICE_DATA,SIM_0106,Internal audit,6 to 10 years,2,4,2,3,4,2,4,5,4,4,2,5,4,4,1,3,5,2,3,3,2,3,4,3,4,2,5,4,3,4,2,4,3,5,4,2,3,4,3,5,3,4,3,4,4,1,4,3,2,3,3,2,4,4,4,1,4
SIMULATED_PRACTICE_DATA,SIM_0107,Credit/loan review,6 to 10 years,2,4,4,2,5,1,4,4,5,3,2,5,3,3,5,3,2,3,3,4,2,3,4,4,3,1,4,5,4,5,1,4,4,4,5,1,4,4,5,4,1,4,4,4,4,2,4,4,4,4,3,4,3,3,5,2,4
SIMULATED_PRACTICE_DATA,SIM_0108,External audit,6 to 10 years,2,4,5,3,4,2,4,2,1,3,5,3,2,2,4,3,3,4,3,4,3,4,4,3,3,3,3,3,3,3,3,3,5,3,4,1,4,2,2,2,3,2,3,5,5,3,4,3,2,4,4,4,4,4,5,2,4
SIMULATED_PRACTICE_DATA,SIM_0109,Compliance testing,11 to 15 years,2,4,5,5,4,2,5,1,3,2,4,3,4,4,4,2,4,3,2,3,2,4,3,3,5,3,3,5,3,4,3,3,4,3,3,3,4,3,5,3,2,4,3,3,3,3,4,4,4,3,1,4,4,4,3,3,4
SIMULATED_PRACTICE_DATA,SIM_0110,Quality assurance,11 to 15 years,2,4,3,2,2,4,1,3,2,1,3,3,3,3,4,5,3,4,4,2,3,4,2,3,3,3,2,2,3,3,4,2,2,1,2,2,2,2,3,1,4,4,4,3,2,3,2,3,4,5,1,4,3,3,4,3,3
SIMULATED_PRACTICE_DATA,SIM_0111,External audit,6 to 10 years,2,4,3,1,4,4,3,3,4,3,2,3,5,4,2,2,5,2,2,3,4,3,3,3,3,2,2,3,2,4,4,4,2,3,3,3,3,3,2,3,3,3,4,3,2,3,3,5,3,3,2,3,3,3,3,3,3
SIMULATED_PRACTICE_DATA,SIM_0112,Internal audit,6 to 10 years,2,4,4,5,4,2,4,5,5,4,2,4,5,4,4,1,5,3,2,2,3,4,3,4,2,4,2,4,5,5,1,5,4,4,5,2,2,5,5,4,2,3,3,4,4,2,2,4,3,4,3,2,2,4,3,4,2
SIMULATED_PRACTICE_DATA,SIM_0113,Internal audit,6 to 10 years,2,4,3,3,4,2,2,3,4,4,2,4,3,2,4,2,3,4,4,3,2,5,4,5,4,2,4,5,5,5,3,2,2,4,4,1,3,3,3,4,2,4,3,4,3,2,3,3,5,4,2,4,4,5,3,2,4
SIMULATED_PRACTICE_DATA,SIM_0114,Compliance testing,2 to 5 years,2,4,2,2,3,3,3,5,3,3,2,4,4,4,3,3,3,3,4,4,2,4,3,3,2,3,3,4,4,4,2,2,4,4,4,3,4,3,3,3,2,3,3,4,3,2,3,3,3,3,2,2,2,3,3,3,4
SIMULATED_PRACTICE_DATA,SIM_0115,Credit/loan review,6 to 10 years,2,4,2,4,5,2,4,2,2,3,4,2,3,4,3,3,2,4,2,3,4,3,2,4,3,2,3,4,3,3,3,5,5,3,3,2,5,3,3,4,2,3,4,4,3,3,4,3,3,2,2,4,4,3,3,2,3
SIMULATED_PRACTICE_DATA,SIM_0116,External audit,2 to 5 years,2,4,2,2,4,2,3,4,5,4,2,3,3,2,4,3,4,4,3,3,1,3,4,3,3,3,4,4,3,3,3,4,5,5,5,1,5,5,3,3,2,4,3,3,3,3,3,3,2,3,3,2,4,3,4,3,2
SIMULATED_PRACTICE_DATA,SIM_0117,Compliance testing,Less than 2 years,2,4,3,4,2,4,4,3,2,3,3,2,3,3,3,2,4,5,5,4,1,4,3,4,4,1,3,4,3,4,2,3,4,4,3,3,3,2,4,3,4,2,3,5,5,1,4,4,4,5,3,4,3,4,3,2,4
SIMULATED_PRACTICE_DATA,SIM_0118,Compliance testing,Less than 2 years,2,4,3,2,2,4,2,4,4,3,4,3,2,3,5,3,3,3,3,3,2,3,3,4,2,3,4,4,4,4,4,4,4,4,4,2,5,3,2,3,3,2,1,2,3,4,2,4,2,3,3,4,1,3,3,2,4
SIMULATED_PRACTICE_DATA,SIM_0119,Quality assurance,16+ years,2,4,3,3,2,3,2,3,3,3,3,3,3,4,4,2,4,3,4,3,3,3,2,3,4,4,1,3,2,3,2,5,5,4,4,2,5,4,4,5,2,5,4,5,4,1,5,3,5,4,2,3,3,4,4,4,3
SIMULATED_PRACTICE_DATA,SIM_0120,SOX controls,16+ years,2,4,5,5,5,3,3,4,4,4,1,4,4,5,5,1,5,3,4,3,1,5,4,3,3,3,4,3,3,3,3,4,5,5,5,3,5,3,4,4,3,3,5,4,5,3,3,3,4,4,2,5,4,3,4,2,3
SIMULATED_PRACTICE_DATA,SIM_0121,Compliance testing,16+ years,2,4,4,3,4,2,4,4,3,3,3,4,2,3,3,3,2,4,4,4,2,5,3,4,5,2,5,2,3,2,4,3,4,4,4,2,4,4,2,4,2,4,4,5,2,2,4,5,4,5,2,4,3,3,4,3,4
SIMULATED_PRACTICE_DATA,SIM_0122,Quality assurance,2 to 5 years,2,4,2,2,3,3,4,3,4,5,2,1,3,4,4,1,4,5,5,4,1,4,4,5,3,1,4,5,4,4,1,5,4,3,3,2,2,3,5,3,2,4,5,4,4,3,5,4,3,3,3,5,3,5,5,2,3
SIMULATED_PRACTICE_DATA,SIM_0123,External audit,16+ years,2,4,3,3,4,3,2,3,3,2,4,2,4,5,3,2,5,5,5,4,1,4,3,3,4,4,4,5,3,4,1,4,3,3,2,2,4,2,4,2,3,3,4,2,4,3,3,2,4,4,2,4,4,4,4,1,4
SIMULATED_PRACTICE_DATA,SIM_0124,Credit/loan review,Less than 2 years,2,3,5,5,4,1,5,4,5,4,2,5,4,4,5,1,4,5,3,4,2,4,4,4,4,1,5,5,5,4,2,5,5,3,4,3,3,4,5,4,2,3,5,5,4,2,5,4,4,4,2,4,4,3,4,3,2
SIMULATED_PRACTICE_DATA,SIM_0125,Enterprise risk,2 to 5 years,2,4,5,4,4,3,3,3,4,5,2,4,3,5,5,4,5,5,5,5,1,5,3,4,3,1,5,4,4,3,3,4,4,4,4,4,4,4,4,4,2,5,5,3,3,1,4,4,5,4,1,5,4,4,3,2,4
SIMULATED_PRACTICE_DATA,SIM_0126,Internal audit,6 to 10 years,2,4,5,5,5,1,5,5,4,5,1,3,4,4,3,2,4,3,4,4,3,4,5,5,5,2,4,5,4,3,1,4,5,5,5,2,5,4,5,5,2,5,4,4,5,2,4,5,5,5,1,5,3,5,4,2,4
SIMULATED_PRACTICE_DATA,SIM_0127,Compliance testing,11 to 15 years,2,4,3,3,4,4,3,4,5,3,2,4,4,3,3,2,5,4,4,4,1,4,1,1,2,3,1,3,2,4,3,4,4,5,5,3,5,3,5,5,1,4,4,4,4,2,3,4,4,4,2,4,4,3,4,1,4
SIMULATED_PRACTICE_DATA,SIM_0128,Enterprise risk,6 to 10 years,2,4,4,5,5,1,4,4,5,5,2,4,5,5,4,1,5,4,5,3,2,3,4,4,4,1,4,4,5,4,2,4,4,4,4,2,5,3,4,4,2,4,5,3,5,2,5,4,5,4,1,5,5,4,3,2,5
SIMULATED_PRACTICE_DATA,SIM_0129,Internal audit,Less than 2 years,2,4,2,3,4,2,3,4,4,4,2,3,3,2,4,3,3,3,3,3,3,4,4,5,5,3,4,3,3,3,2,4,3,3,4,5,4,3,4,3,4,3,4,5,4,3,4,3,3,3,3,4,4,3,3,3,4
SIMULATED_PRACTICE_DATA,SIM_0130,Internal audit,6 to 10 years,2,4,5,5,4,1,5,3,5,4,2,4,4,5,5,1,5,3,3,3,2,3,4,2,3,2,4,4,4,4,1,4,4,5,5,1,4,3,3,4,2,2,5,5,5,2,4,3,3,4,2,4,4,4,5,1,5
SIMULATED_PRACTICE_DATA,SIM_0131,Internal audit,Less than 2 years,2,4,5,5,5,1,5,3,3,4,3,2,4,5,3,2,4,4,4,4,1,4,4,4,4,2,4,3,4,4,2,3,4,4,5,2,4,5,4,3,1,3,3,4,4,4,2,4,4,4,2,4,3,5,5,3,5
SIMULATED_PRACTICE_DATA,SIM_0132,SOX controls,2 to 5 years,2,4,5,4,5,1,4,3,3,3,2,3,4,4,4,2,4,5,5,5,2,4,3,4,3,3,2,3,3,4,3,4,3,4,4,3,3,4,4,4,1,5,4,4,5,3,4,4,5,4,1,5,5,3,4,3,5
SIMULATED_PRACTICE_DATA,SIM_0133,Compliance testing,2 to 5 years,2,4,5,4,5,2,4,2,2,2,4,3,3,3,3,3,3,3,4,4,2,3,3,4,3,3,2,3,3,2,3,3,3,3,3,3,2,3,2,3,3,3,4,3,3,3,5,3,4,3,3,4,3,2,3,4,3
SIMULATED_PRACTICE_DATA,SIM_0134,SOX controls,2 to 5 years,2,4,4,5,4,2,4,3,5,4,1,4,3,2,3,3,3,4,3,4,3,4,5,4,4,1,4,5,5,3,1,3,4,3,4,2,3,5,4,5,1,4,5,4,4,1,4,4,4,5,2,5,4,5,4,1,4
SIMULATED_PRACTICE_DATA,SIM_0135,Internal audit,11 to 15 years,2,4,5,4,4,2,3,2,2,3,2,4,4,4,5,2,3,5,5,5,2,5,3,2,2,5,3,4,4,3,4,3,2,3,3,2,3,5,3,4,2,4,2,2,4,4,3,2,3,3,2,3,4,2,3,2,4
SIMULATED_PRACTICE_DATA,SIM_0136,Internal audit,Less than 2 years,2,4,3,4,4,2,2,1,1,1,5,2,3,3,4,2,4,2,3,2,2,1,3,3,4,3,3,1,4,4,2,3,4,4,4,2,4,3,4,3,4,3,4,4,3,4,2,3,3,4,3,3,4,3,3,2,3
SIMULATED_PRACTICE_DATA,SIM_0137,Enterprise risk,Less than 2 years,2,4,3,2,3,3,2,4,3,2,2,3,1,2,1,4,2,5,4,5,1,5,2,4,3,4,1,3,2,3,3,5,3,3,5,1,3,2,2,4,2,4,4,4,3,4,4,3,2,2,3,3,3,3,2,4,2
SIMULATED_PRACTICE_DATA,SIM_0138,Internal audit,6 to 10 years,2,3,3,3,2,5,4,2,2,3,4,5,4,2,3,3,2,2,4,3,3,2,3,3,4,2,2,4,4,4,2,3,3,4,4,2,4,3,5,3,2,2,2,4,4,3,3,2,2,4,3,3,2,3,3,4,3
SIMULATED_PRACTICE_DATA,SIM_0139,Compliance testing,Less than 2 years,2,4,4,3,4,3,2,5,5,4,2,4,4,4,4,3,4,3,2,2,4,3,2,3,3,2,2,3,3,2,3,3,4,3,3,2,5,5,5,5,1,5,4,3,3,1,4,3,4,4,2,3,4,3,2,3,3
SIMULATED_PRACTICE_DATA,SIM_0140,Credit/loan review,2 to 5 years,2,4,3,2,3,3,4,4,3,3,2,4,3,3,4,3,3,3,4,4,2,4,4,4,5,3,5,4,5,5,2,4,3,3,3,3,4,4,2,5,3,4,3,3,2,3,3,4,4,4,3,2,5,4,4,2,5
SIMULATED_PRACTICE_DATA,SIM_0141,Credit/loan review,Less than 2 years,2,4,3,2,4,4,4,4,4,4,4,4,4,5,2,2,3,4,5,5,3,1,3,2,2,3,3,3,2,3,4,1,4,3,3,3,3,3,3,5,1,4,3,2,3,3,4,3,4,3,3,4,3,5,4,2,4
SIMULATED_PRACTICE_DATA,SIM_0142,Quality assurance,2 to 5 years,2,4,2,3,2,3,3,5,5,4,1,5,4,4,3,2,4,4,3,2,3,2,5,4,5,2,4,4,5,5,2,4,5,4,5,1,3,4,4,4,1,3,4,4,3,2,2,4,5,4,1,4,5,3,5,2,4
SIMULATED_PRACTICE_DATA,SIM_0143,SOX controls,11 to 15 years,2,4,5,5,5,1,4,3,4,4,2,4,5,5,4,1,5,4,3,3,3,3,2,2,2,4,2,3,2,3,3,3,5,4,4,2,3,5,5,5,1,5,4,4,5,1,4,4,5,4,2,3,4,4,3,3,4
SIMULATED_PRACTICE_DATA,SIM_0144,Quality assurance,Less than 2 years,2,4,5,5,5,1,4,5,5,4,1,2,4,4,4,1,4,4,4,3,2,5,4,3,4,2,3,4,4,3,2,4,3,3,4,2,2,3,4,5,3,4,5,5,5,2,3,3,3,3,2,3,5,4,4,2,5
SIMULATED_PRACTICE_DATA,SIM_0145,Enterprise risk,Less than 2 years,2,4,4,4,4,1,4,4,4,4,2,3,4,3,5,2,4,4,4,5,3,4,5,5,5,1,5,4,4,4,1,4,5,3,4,4,3,5,4,4,1,4,2,4,4,2,4,3,3,5,3,3,5,3,3,1,3
SIMULATED_PRACTICE_DATA,SIM_0146,Internal audit,11 to 15 years,2,4,4,4,4,2,4,4,5,4,2,5,4,4,4,3,4,4,3,2,2,4,5,5,3,1,3,4,5,3,3,4,5,5,5,3,4,4,3,5,2,3,3,3,2,2,4,3,3,2,2,3,3,3,3,3,3
SIMULATED_PRACTICE_DATA,SIM_0147,Internal audit,2 to 5 years,2,4,4,4,2,1,4,3,4,3,2,4,3,4,3,3,3,5,4,4,3,4,4,3,4,2,5,4,2,3,2,2,4,5,4,2,5,2,4,3,2,3,4,4,3,2,2,3,3,5,3,2,3,5,3,2,3
SIMULATED_PRACTICE_DATA,SIM_0148,Internal audit,6 to 10 years,2,4,3,3,2,4,4,4,4,4,2,3,3,2,2,3,4,4,5,4,1,4,5,5,4,2,4,3,5,4,2,5,5,5,5,2,5,3,2,4,3,3,3,3,2,3,2,2,4,4,4,3,3,2,3,2,5
SIMULATED_PRACTICE_DATA,SIM_0149,Internal audit,2 to 5 years,2,4,2,2,1,4,2,3,4,4,1,4,4,5,4,1,2,2,2,2,4,2,2,2,2,5,3,3,3,3,4,2,4,2,3,3,2,4,5,4,2,5,2,4,3,1,4,3,3,3,3,3,5,4,4,3,4
SIMULATED_PRACTICE_DATA,SIM_0150,Quality assurance,2 to 5 years,2,4,3,2,2,2,2,4,4,3,2,3,3,2,5,4,2,4,5,4,2,5,4,4,3,3,4,3,2,3,3,2,3,2,1,4,2,3,4,3,4,4,4,5,4,3,3,5,5,4,1,5,3,3,2,3,3
SIMULATED_PRACTICE_DATA,SIM_0151,Internal audit,6 to 10 years,2,4,5,4,4,2,3,4,3,4,3,4,3,5,4,2,3,2,3,1,3,3,2,2,2,3,3,1,2,3,5,2,3,3,3,4,2,4,3,4,2,3,2,3,3,3,4,2,3,2,2,5,3,3,3,4,3
SIMULATED_PRACTICE_DATA,SIM_0152,Enterprise risk,6 to 10 years,2,4,3,5,3,3,4,4,4,3,1,3,3,5,3,2,5,4,3,2,3,4,5,4,5,1,4,5,5,5,1,5,5,5,5,1,5,4,2,3,2,4,4,4,5,2,4,4,5,5,2,4,5,5,5,1,4
SIMULATED_PRACTICE_DATA,SIM_0153,SOX controls,6 to 10 years,2,4,2,1,1,3,2,4,3,2,3,3,3,2,4,2,2,2,1,1,5,4,2,2,2,3,4,2,3,3,3,1,3,3,3,2,3,5,2,3,3,2,2,4,2,3,4,3,4,4,2,5,1,1,3,3,3
SIMULATED_PRACTICE_DATA,SIM_0154,Internal audit,Less than 2 years,2,4,3,3,3,3,3,3,3,2,3,4,4,4,4,2,5,4,4,3,1,4,2,2,3,5,3,4,5,4,2,3,4,4,4,2,3,4,4,2,3,5,3,4,3,2,3,2,3,2,3,2,4,3,3,3,5
SIMULATED_PRACTICE_DATA,SIM_0155,External audit,16+ years,2,4,3,3,4,4,3,2,5,3,3,4,4,4,5,2,3,5,4,5,3,5,4,3,3,3,4,3,3,3,2,4,4,4,5,3,4,4,4,3,3,3,4,2,4,3,3,4,3,3,3,3,4,1,3,4,2
SIMULATED_PRACTICE_DATA,SIM_0156,External audit,6 to 10 years,2,4,5,5,4,2,4,5,3,4,2,5,4,4,4,2,4,5,4,5,1,5,4,4,4,2,4,4,3,4,1,3,4,4,5,2,4,5,3,5,2,5,3,3,3,2,5,3,4,4,2,4,3,4,4,2,3
SIMULATED_PRACTICE_DATA,SIM_0157,Enterprise risk,6 to 10 years,2,4,4,3,3,3,2,4,5,3,3,2,5,4,3,3,3,4,4,5,2,3,5,5,5,1,3,5,5,4,1,3,4,4,5,1,3,3,4,3,3,4,5,3,4,2,2,4,3,3,3,4,4,4,5,3,4
SIMULATED_PRACTICE_DATA,SIM_0158,Quality assurance,6 to 10 years,2,4,4,4,5,1,4,3,4,5,3,4,4,3,5,1,4,5,4,3,2,4,3,2,2,3,5,3,3,2,3,3,2,4,3,1,3,5,3,5,1,4,3,3,3,2,4,3,3,2,2,3,3,3,2,2,4
SIMULATED_PRACTICE_DATA,SIM_0159,Credit/loan review,11 to 15 years,2,4,4,4,3,2,3,5,4,3,2,3,5,3,5,2,4,4,4,4,2,5,5,4,4,2,4,5,4,4,3,4,5,5,5,1,5,4,5,5,2,4,4,5,4,3,3,5,5,4,1,4,4,5,5,1,4
SIMULATED_PRACTICE_DATA,SIM_0160,External audit,2 to 5 years,2,4,4,4,4,3,4,5,5,5,2,4,4,5,5,2,3,4,3,5,1,5,4,4,4,3,3,4,4,4,1,3,4,3,4,2,4,3,4,3,2,5,2,4,3,4,3,3,2,3,3,3,4,2,4,2,4
SIMULATED_PRACTICE_DATA,SIM_0161,Enterprise risk,11 to 15 years,2,4,4,5,5,1,4,3,3,3,3,2,3,3,2,3,1,3,4,3,1,4,5,3,5,2,3,3,2,3,4,4,2,2,3,2,3,5,5,4,2,4,4,4,4,1,3,3,5,4,1,4,3,2,4,3,3
SIMULATED_PRACTICE_DATA,SIM_0162,Compliance testing,11 to 15 years,2,4,3,3,2,3,4,4,3,4,3,4,4,4,4,2,3,3,3,3,2,3,4,4,4,4,3,3,3,2,2,3,4,4,3,3,2,4,4,2,3,2,5,2,3,2,3,5,5,3,1,5,4,3,4,2,5
SIMULATED_PRACTICE_DATA,SIM_0163,Internal audit,11 to 15 years,2,4,4,4,4,2,3,4,4,2,4,3,3,4,4,3,4,4,4,4,2,3,4,5,4,3,5,4,4,4,1,4,4,4,4,2,4,2,3,4,2,3,4,4,2,1,3,4,4,3,2,4,4,5,3,1,3
SIMULATED_PRACTICE_DATA,SIM_0164,Enterprise risk,11 to 15 years,2,4,4,4,3,3,3,4,3,5,1,4,3,3,4,2,5,4,4,1,2,4,4,5,5,2,3,4,4,4,1,4,3,5,4,3,5,3,1,3,3,4,4,5,4,2,3,4,4,4,2,4,5,4,4,1,3
SIMULATED_PRACTICE_DATA,SIM_0165,Enterprise risk,6 to 10 years,2,4,3,4,3,2,3,3,3,3,3,4,5,3,4,2,2,4,4,4,2,3,2,3,4,4,3,3,3,4,2,2,3,2,4,4,3,4,4,4,3,5,5,4,5,1,5,5,3,3,3,4,4,4,5,2,4
SIMULATED_PRACTICE_DATA,SIM_0166,Internal audit,6 to 10 years,2,3,4,4,4,1,4,3,3,4,3,4,4,4,3,2,4,4,5,4,1,4,4,3,5,3,4,3,4,5,2,2,4,5,5,1,4,4,2,3,2,3,5,3,4,2,4,4,4,5,2,4,5,4,4,2,4
SIMULATED_PRACTICE_DATA,SIM_0167,Enterprise risk,2 to 5 years,2,4,4,3,3,2,4,3,5,3,3,5,4,4,5,3,4,5,4,3,1,4,4,4,4,1,4,2,4,4,4,4,3,4,5,3,3,4,4,4,3,4,5,5,5,2,4,4,4,3,2,3,3,4,3,2,5
SIMULATED_PRACTICE_DATA,SIM_0168,Internal audit,2 to 5 years,2,4,4,4,4,3,3,2,3,4,3,4,3,4,4,2,5,3,4,4,3,3,3,2,4,1,3,4,3,4,1,4,4,3,3,4,5,2,3,4,2,4,2,3,3,4,3,4,4,5,2,4,5,4,4,3,5
SIMULATED_PRACTICE_DATA,SIM_0169,Credit/loan review,Less than 2 years,2,4,3,3,3,3,3,4,2,4,3,3,4,4,3,2,5,4,3,4,3,2,4,4,2,3,4,5,5,5,1,5,4,5,4,1,4,4,5,5,2,5,4,3,4,3,4,5,5,5,1,5,5,5,5,2,5
SIMULATED_PRACTICE_DATA,SIM_0170,Credit/loan review,2 to 5 years,2,4,5,5,4,3,4,4,4,5,1,5,5,5,4,1,5,4,5,5,2,4,5,5,5,2,5,3,3,2,3,5,3,3,4,2,4,5,5,5,1,5,5,4,5,1,5,5,3,4,1,4,4,4,4,2,5
SIMULATED_PRACTICE_DATA,SIM_0171,Enterprise risk,2 to 5 years,2,4,4,3,3,2,4,4,4,5,3,5,3,4,3,2,4,2,2,2,3,4,2,4,3,3,4,4,3,5,2,3,4,3,2,3,3,2,4,2,5,3,4,4,4,3,3,3,3,4,2,4,3,3,3,4,3
SIMULATED_PRACTICE_DATA,SIM_0172,Enterprise risk,6 to 10 years,2,4,3,2,3,4,4,3,3,3,4,3,3,2,3,4,2,4,4,3,2,3,5,3,5,1,4,4,3,3,2,3,4,2,3,4,3,4,4,4,2,4,4,5,3,4,3,4,2,2,3,3,2,3,5,2,2
SIMULATED_PRACTICE_DATA,SIM_0173,Internal audit,11 to 15 years,2,4,2,4,2,3,4,3,2,4,3,4,4,5,3,1,4,3,2,2,3,4,3,4,2,3,5,3,3,2,2,3,2,4,3,3,3,3,5,4,2,3,5,4,5,2,5,4,4,5,2,4,5,5,5,2,4
SIMULATED_PRACTICE_DATA,SIM_0174,Enterprise risk,2 to 5 years,2,4,3,5,5,2,3,3,3,5,3,4,3,3,3,4,4,2,2,3,4,3,3,4,5,2,3,5,5,4,1,5,3,2,4,3,3,3,4,4,3,4,3,4,2,4,3,3,3,2,3,2,2,2,3,3,4
SIMULATED_PRACTICE_DATA,SIM_0175,External audit,11 to 15 years,4,4,2,4,3,4,2,2,4,4,3,4,4,4,3,3,3,3,3,3,3,3,3,2,3,3,4,4,3,4,2,4,4,3,4,2,5,4,4,2,3,2,2,5,3,3,3,4,3,4,3,4,4,3,4,2,3
SIMULATED_PRACTICE_DATA,SIM_0176,Credit/loan review,6 to 10 years,2,4,3,4,2,2,4,2,3,2,5,4,3,4,2,3,3,4,3,3,3,5,4,3,3,3,1,2,3,3,5,3,3,2,2,4,2,3,2,3,4,2,2,3,2,3,2,2,3,4,4,3,2,3,2,3,2
SIMULATED_PRACTICE_DATA,SIM_0177,Internal audit,6 to 10 years,2,4,4,4,4,2,4,3,3,3,2,3,3,4,3,3,3,3,5,4,1,4,4,4,3,3,3,4,4,4,2,4,4,3,3,2,3,4,4,3,3,4,3,3,2,3,4,2,2,3,4,3,4,5,1,3,3
SIMULATED_PRACTICE_DATA,SIM_0178,Credit/loan review,11 to 15 years,2,4,2,2,1,3,3,3,4,2,2,4,4,3,2,2,3,4,4,5,3,4,4,4,4,1,3,3,4,3,2,2,5,4,3,2,2,2,4,3,4,2,4,2,4,3,3,3,3,2,3,4,3,3,4,3,2
SIMULATED_PRACTICE_DATA,SIM_0179,Credit/loan review,16+ years,2,4,5,3,4,2,4,4,3,4,3,3,5,4,3,2,4,4,3,3,3,3,3,4,3,2,4,4,5,3,3,3,4,5,4,3,3,4,5,3,3,3,5,5,5,2,5,5,4,5,1,4,4,4,5,1,4
SIMULATED_PRACTICE_DATA,SIM_0180,Enterprise risk,16+ years,2,4,4,4,3,3,4,3,3,4,2,2,3,5,3,1,3,3,2,3,3,4,4,4,4,1,5,3,3,3,2,2,4,3,3,1,4,4,4,2,3,3,5,4,3,3,3,4,4,4,3,4,5,4,4,2,4
SIMULATED_PRACTICE_DATA,SIM_0181,Enterprise risk,6 to 10 years,2,4,5,4,4,2,4,5,4,4,2,4,3,4,3,2,4,4,3,2,2,3,4,3,4,2,4,4,4,5,2,3,4,4,4,3,4,4,3,5,3,4,2,3,2,4,2,4,5,3,3,3,2,3,3,4,4
SIMULATED_PRACTICE_DATA,SIM_0182,Internal audit,6 to 10 years,2,4,4,3,3,3,4,4,3,3,2,3,4,3,5,2,3,4,4,4,2,3,4,3,4,2,4,4,5,3,3,4,4,3,3,2,4,4,4,4,2,3,4,3,4,3,5,4,4,4,2,4,5,5,4,2,4
SIMULATED_PRACTICE_DATA,SIM_0183,Internal audit,Less than 2 years,2,4,3,4,4,2,3,3,3,4,3,2,4,4,4,1,4,4,4,4,2,4,3,2,4,3,3,5,4,4,2,3,3,5,4,1,4,4,4,2,4,3,5,3,4,1,5,4,5,5,2,4,4,5,4,1,5
SIMULATED_PRACTICE_DATA,SIM_0184,External audit,6 to 10 years,2,4,5,5,3,2,3,5,4,4,1,4,5,4,2,3,5,4,3,3,3,3,4,4,3,2,3,3,3,3,3,2,3,4,2,2,3,2,4,3,3,4,4,4,3,3,4,3,2,4,3,5,3,3,3,2,2
SIMULATED_PRACTICE_DATA,SIM_0185,Quality assurance,6 to 10 years,2,4,5,4,4,1,4,4,4,2,2,5,3,4,3,2,4,2,3,5,3,5,3,3,3,3,2,4,5,4,2,5,4,3,3,2,4,5,5,4,2,4,3,3,2,2,4,4,3,3,2,3,3,4,3,2,3
SIMULATED_PRACTICE_DATA,SIM_0186,External audit,6 to 10 years,2,4,3,4,3,3,3,3,3,3,3,1,3,2,4,3,3,5,5,4,2,5,2,3,2,5,4,5,4,3,2,3,4,4,5,1,4,2,2,3,4,2,4,3,3,2,3,4,4,4,2,4,5,5,5,2,4
SIMULATED_PRACTICE_DATA,SIM_0187,External audit,6 to 10 years,2,4,3,2,4,3,4,3,4,3,2,3,3,2,3,3,2,4,4,5,2,5,3,5,4,1,3,4,3,2,2,3,4,4,3,3,4,3,3,4,3,4,3,4,4,2,3,3,4,5,3,5,4,3,2,3,3
SIMULATED_PRACTICE_DATA,SIM_0188,External audit,2 to 5 years,2,4,5,4,3,1,5,1,2,4,3,3,4,5,5,1,4,5,5,5,1,5,4,5,5,1,4,3,3,3,2,3,4,4,4,2,4,3,5,3,3,4,4,3,5,2,5,3,3,4,3,3,2,4,4,1,4
SIMULATED_PRACTICE_DATA,SIM_0189,Credit/loan review,Less than 2 years,2,4,3,5,4,2,3,3,4,3,4,3,5,3,4,3,4,1,3,3,3,4,2,5,4,1,4,3,4,3,2,3,5,3,3,3,3,3,3,4,3,3,4,4,2,5,4,2,3,4,2,4,4,3,4,3,4
SIMULATED_PRACTICE_DATA,SIM_0190,Enterprise risk,6 to 10 years,2,4,2,4,3,3,3,2,4,4,4,4,3,3,4,2,4,3,3,3,2,3,3,2,3,3,2,4,4,5,3,4,4,2,4,3,3,4,3,3,2,3,3,3,4,3,4,3,2,3,4,4,3,4,4,2,3
SIMULATED_PRACTICE_DATA,SIM_0191,Internal audit,6 to 10 years,2,4,5,4,3,3,4,1,4,3,2,3,2,3,2,4,2,4,3,3,4,2,3,4,3,2,3,4,3,3,3,3,4,3,2,4,4,4,3,4,2,3,3,4,4,2,3,4,3,4,4,3,3,3,4,2,4
SIMULATED_PRACTICE_DATA,SIM_0192,Credit/loan review,6 to 10 years,4,4,4,4,2,3,3,4,3,3,3,3,3,2,3,3,3,4,3,3,3,3,3,4,3,4,3,2,2,2,3,3,4,2,4,2,2,4,4,2,1,5,2,3,3,3,4,4,3,4,4,2,2,2,4,4,4
SIMULATED_PRACTICE_DATA,SIM_0193,Internal audit,2 to 5 years,2,4,4,4,5,1,5,5,4,3,3,5,2,3,3,3,4,4,4,5,2,4,3,3,3,4,4,2,3,3,3,4,3,2,3,3,3,4,5,5,2,3,3,3,2,2,5,4,4,3,2,3,2,2,3,3,2
SIMULATED_PRACTICE_DATA,SIM_0194,Compliance testing,Less than 2 years,2,4,4,4,3,3,3,4,3,4,4,4,5,5,5,2,3,4,3,4,4,3,3,4,3,2,4,3,3,3,2,4,3,3,3,3,4,3,4,4,3,3,3,3,3,4,4,5,4,4,1,4,4,4,3,3,3
SIMULATED_PRACTICE_DATA,SIM_0195,Internal audit,Less than 2 years,2,4,4,5,4,3,4,3,3,1,3,3,2,3,4,4,2,3,4,5,3,4,4,3,3,3,3,3,3,3,2,4,3,3,3,4,3,3,4,4,2,4,5,4,4,2,3,2,5,5,3,4,3,3,4,2,4
SIMULATED_PRACTICE_DATA,SIM_0196,External audit,2 to 5 years,2,4,3,3,2,1,4,4,3,3,4,2,4,3,3,2,5,4,4,4,3,3,2,3,4,3,3,4,5,5,2,5,4,3,2,2,2,4,3,3,4,4,2,3,3,3,2,3,5,5,2,4,3,2,3,4,3
SIMULATED_PRACTICE_DATA,SIM_0197,SOX controls,6 to 10 years,2,4,4,4,5,4,4,3,3,2,2,4,2,2,3,3,3,2,3,4,3,3,3,3,3,2,4,3,3,3,4,4,5,4,4,2,5,3,2,4,2,5,4,4,5,3,4,4,4,5,3,3,2,3,3,2,3
SIMULATED_PRACTICE_DATA,SIM_0198,Internal audit,6 to 10 years,2,4,3,3,3,3,4,3,3,2,4,2,5,4,1,2,4,3,5,3,2,4,4,5,5,2,4,5,5,4,1,5,5,5,5,1,4,4,5,5,1,5,3,4,3,3,3,3,3,4,3,4,4,5,5,2,4
SIMULATED_PRACTICE_DATA,SIM_0199,External audit,11 to 15 years,2,4,2,3,2,4,3,3,4,3,1,3,4,5,3,2,4,3,3,4,1,3,3,3,3,3,4,2,2,3,4,2,3,3,3,5,2,2,4,3,4,4,3,4,4,2,3,3,4,4,2,5,4,3,4,2,3
SIMULATED_PRACTICE_DATA,SIM_0200,Internal audit,6 to 10 years,2,4,4,4,4,2,2,4,2,4,3,2,3,3,2,4,2,2,4,3,3,3,2,4,2,4,2,2,3,3,3,3,5,2,3,3,3,3,3,4,3,4,2,2,2,4,3,3,3,2,4,3,3,2,4,4,2
SIMULATED_PRACTICE_DATA,SIM_0201,Credit/loan review,6 to 10 years,2,4,4,4,5,2,3,3,4,2,2,3,3,2,5,2,5,2,3,3,5,2,3,3,2,4,3,3,3,3,2,5,3,2,3,3,3,3,3,4,4,1,3,2,2,3,3,4,4,3,2,3,3,3,1,3,3
SIMULATED_PRACTICE_DATA,SIM_0202,Internal audit,2 to 5 years,2,4,2,5,2,2,3,3,2,3,4,2,3,4,4,3,2,4,3,3,1,4,3,3,3,2,3,3,2,2,4,3,4,4,5,3,4,3,2,3,2,3,4,4,3,1,3,3,3,3,3,4,4,4,4,1,5
SIMULATED_PRACTICE_DATA,SIM_0203,Internal audit,6 to 10 years,2,4,2,5,4,3,5,5,5,4,1,5,5,4,3,1,4,5,5,5,2,5,4,5,3,1,4,5,5,4,1,5,4,4,4,1,4,4,5,3,3,5,5,5,4,1,4,5,5,5,1,5,5,5,5,4,4
SIMULATED_PRACTICE_DATA,SIM_0204,Enterprise risk,11 to 15 years,2,4,4,4,3,3,3,5,3,4,2,3,3,3,3,2,3,5,3,4,3,3,5,4,4,2,3,3,3,3,3,4,3,4,3,3,4,2,3,4,3,3,4,4,4,1,4,4,3,3,3,3,3,4,2,3,2
SIMULATED_PRACTICE_DATA,SIM_0205,External audit,Less than 2 years,2,4,5,5,4,2,3,4,4,3,4,4,4,5,2,2,5,3,4,4,2,4,5,4,5,1,4,4,2,3,3,3,3,4,5,1,5,3,4,3,4,3,5,5,5,2,5,4,5,5,3,5,4,3,4,3,3
SIMULATED_PRACTICE_DATA,SIM_0206,Internal audit,2 to 5 years,2,4,2,3,5,2,3,2,4,4,2,2,2,4,4,1,4,2,1,3,4,3,4,3,4,3,3,3,4,3,3,3,2,3,2,3,3,4,3,3,3,3,3,3,4,1,3,4,3,3,1,5,3,3,3,3,2
SIMULATED_PRACTICE_DATA,SIM_0207,External audit,2 to 5 years,2,4,4,3,4,1,4,4,4,2,3,3,3,5,3,2,4,4,3,3,2,5,2,4,3,3,2,4,3,4,3,3,3,3,4,3,3,3,2,3,3,3,4,3,2,2,4,5,5,4,1,4,3,4,4,2,4
SIMULATED_PRACTICE_DATA,SIM_0208,Enterprise risk,16+ years,2,4,3,2,4,1,3,3,4,3,3,5,2,4,4,3,2,5,4,4,2,4,3,4,4,4,4,5,4,4,2,4,3,4,3,4,3,3,3,4,2,4,3,3,4,3,3,5,4,4,3,4,4,3,4,3,3
SIMULATED_PRACTICE_DATA,SIM_0209,Credit/loan review,11 to 15 years,2,4,3,5,4,2,4,3,4,5,1,4,4,3,3,1,4,3,1,3,3,3,2,3,4,4,3,3,3,3,2,4,4,5,4,3,5,3,5,4,1,3,3,3,4,2,4,2,3,3,3,4,2,3,1,4,2
SIMULATED_PRACTICE_DATA,SIM_0210,External audit,16+ years,2,4,2,3,1,4,2,3,3,4,2,3,3,5,4,3,5,4,3,4,3,5,3,2,3,3,2,4,5,4,1,4,4,3,4,3,3,4,5,3,3,5,4,3,4,2,3,5,3,4,2,4,2,2,3,4,2
SIMULATED_PRACTICE_DATA,SIM_0211,External audit,16+ years,2,4,5,4,4,1,4,5,5,5,1,5,4,3,4,2,4,3,4,3,1,3,4,3,4,4,4,4,5,3,2,4,4,3,3,3,4,4,2,4,2,3,3,3,4,3,3,3,2,3,2,3,3,3,2,5,2
SIMULATED_PRACTICE_DATA,SIM_0212,Internal audit,6 to 10 years,2,4,3,3,5,4,3,4,3,3,3,2,2,4,3,4,3,2,2,3,3,3,4,3,2,3,3,3,1,2,3,3,4,4,4,3,5,3,3,4,2,3,4,4,4,3,3,3,3,4,3,4,3,4,4,1,4
SIMULATED_PRACTICE_DATA,SIM_0213,External audit,Less than 2 years,2,4,4,4,2,2,3,3,4,4,3,4,2,3,3,2,3,5,5,4,3,4,3,1,2,3,4,3,4,4,2,4,5,2,3,4,4,5,5,5,1,5,4,4,4,3,3,2,4,3,4,3,4,4,3,2,4
SIMULATED_PRACTICE_DATA,SIM_0214,Compliance testing,11 to 15 years,2,4,4,5,4,2,5,5,5,4,2,3,5,5,4,1,5,4,5,5,1,5,5,4,4,1,5,5,5,4,1,4,3,4,4,1,4,4,5,5,2,3,3,4,5,3,3,4,4,3,3,4,4,5,4,3,4
SIMULATED_PRACTICE_DATA,SIM_0215,Enterprise risk,6 to 10 years,2,4,4,3,4,4,3,4,4,3,3,4,2,3,3,5,2,4,3,4,3,4,2,2,3,2,3,3,3,3,3,3,2,1,2,4,3,3,3,3,3,4,3,4,2,4,2,3,2,4,4,2,4,3,3,2,4
SIMULATED_PRACTICE_DATA,SIM_0216,Quality assurance,11 to 15 years,2,4,4,5,4,3,4,4,5,4,2,3,4,2,4,3,5,2,2,3,4,3,5,3,5,3,3,4,3,4,1,2,4,4,4,4,4,3,4,2,3,4,3,5,3,3,5,3,3,3,2,3,4,5,4,3,5
SIMULATED_PRACTICE_DATA,SIM_0217,Internal audit,16+ years,2,4,4,4,3,1,4,5,4,3,2,3,4,2,5,3,4,4,4,4,1,4,5,5,5,1,5,4,4,5,1,5,4,3,4,1,4,3,4,3,1,4,3,4,4,3,3,4,3,3,2,3,3,3,4,4,3
SIMULATED_PRACTICE_DATA,SIM_0218,Internal audit,11 to 15 years,2,4,3,2,3,3,2,3,4,4,4,4,2,3,2,4,2,4,4,3,4,4,3,2,5,4,4,3,4,4,3,3,4,4,3,2,3,4,2,3,1,3,2,3,3,2,3,3,4,4,3,3,2,2,2,4,3
SIMULATED_PRACTICE_DATA,SIM_0219,Internal audit,11 to 15 years,2,4,3,5,5,4,3,4,4,4,2,4,4,4,4,3,5,4,4,4,2,4,5,4,4,2,3,3,3,4,2,4,5,5,5,2,5,2,3,4,1,5,4,4,4,3,3,4,4,4,1,5,5,4,3,2,4
SIMULATED_PRACTICE_DATA,SIM_0220,Internal audit,11 to 15 years,2,4,4,3,5,2,4,4,5,3,3,3,5,5,5,1,4,3,4,5,1,5,3,4,3,3,3,2,3,3,4,4,3,3,3,3,3,3,2,2,4,4,1,3,1,3,1,3,2,3,4,2,3,4,3,4,4
SIMULATED_PRACTICE_DATA,SIM_0221,Compliance testing,2 to 5 years,2,4,5,3,3,4,3,4,3,4,3,4,3,4,5,4,3,4,5,3,2,4,3,3,1,4,4,4,5,5,1,3,2,4,2,3,4,2,5,3,3,2,4,3,5,2,4,5,4,4,3,4,3,4,5,3,4
SIMULATED_PRACTICE_DATA,SIM_0222,External audit,Less than 2 years,2,4,4,3,4,3,5,4,2,2,2,3,3,3,3,3,4,2,3,3,4,4,2,2,2,5,2,3,3,3,4,4,3,4,3,3,2,2,1,4,3,3,3,3,4,3,2,3,2,5,2,3,3,4,3,3,3
SIMULATED_PRACTICE_DATA,SIM_0223,Credit/loan review,11 to 15 years,5,4,4,4,5,1,5,4,5,4,3,4,3,3,3,3,3,3,3,4,3,4,3,3,2,2,3,4,2,4,2,4,3,3,4,3,3,4,3,3,3,4,3,4,3,2,3,3,3,3,4,3,3,3,2,4,2
SIMULATED_PRACTICE_DATA,SIM_0224,External audit,16+ years,2,4,4,5,2,3,3,4,2,3,4,4,4,5,4,3,3,4,2,3,3,3,3,3,3,3,3,4,5,3,2,5,3,3,4,4,4,5,4,5,1,5,3,2,2,4,2,3,4,4,2,3,3,3,4,2,5
SIMULATED_PRACTICE_DATA,SIM_0225,Credit/loan review,6 to 10 years,2,4,3,3,3,2,4,4,3,4,4,3,4,3,3,2,3,3,3,2,3,2,2,3,3,3,3,3,2,3,2,3,2,4,4,2,4,4,4,4,3,3,3,3,3,2,2,4,3,2,3,4,5,5,4,2,5
SIMULATED_PRACTICE_DATA,SIM_0226,Quality assurance,Less than 2 years,2,4,3,4,5,4,3,4,3,4,3,2,4,2,2,2,3,5,5,4,2,5,5,5,4,2,5,2,4,2,3,3,3,4,5,2,5,3,4,5,2,3,3,4,4,3,4,5,3,3,3,4,4,4,4,1,4
SIMULATED_PRACTICE_DATA,SIM_0227,Credit/loan review,16+ years,2,4,3,3,2,4,3,3,4,4,3,4,4,3,4,3,4,3,2,3,3,4,3,3,4,3,3,4,4,2,3,4,4,4,3,2,4,4,3,3,3,3,3,3,4,3,4,5,4,4,1,4,3,3,5,2,4
SIMULATED_PRACTICE_DATA,SIM_0228,Compliance testing,2 to 5 years,5,4,5,5,4,2,4,3,4,3,2,2,4,5,3,2,3,3,3,3,4,4,3,3,3,2,3,4,4,4,2,3,4,3,4,4,4,5,5,4,3,3,5,4,3,1,5,5,5,5,2,4,4,5,5,1,5
SIMULATED_PRACTICE_DATA,SIM_0229,Compliance testing,6 to 10 years,2,4,4,4,4,2,3,3,3,2,3,2,5,3,5,2,4,3,3,4,3,3,4,3,3,1,4,3,3,3,4,4,5,3,4,2,4,5,3,4,3,3,3,3,2,4,3,3,3,3,3,3,4,4,2,2,4
SIMULATED_PRACTICE_DATA,SIM_0230,Internal audit,2 to 5 years,2,4,3,3,3,3,4,4,4,4,1,4,3,4,5,2,4,3,4,5,3,3,4,3,3,3,3,4,4,3,3,3,2,3,3,3,3,3,2,4,2,4,4,2,3,4,3,3,3,3,2,4,3,2,2,4,3
SIMULATED_PRACTICE_DATA,SIM_0231,External audit,6 to 10 years,2,4,3,3,3,3,3,5,5,4,3,5,3,3,3,3,2,3,5,5,2,4,4,3,4,2,4,3,5,4,2,3,3,4,4,1,3,3,4,4,2,2,2,3,3,2,4,3,4,3,3,4,4,3,2,2,3
SIMULATED_PRACTICE_DATA,SIM_0232,Compliance testing,6 to 10 years,2,4,4,5,3,2,4,3,1,3,2,3,3,3,4,3,3,4,5,5,2,4,5,4,4,1,4,3,2,5,3,3,4,4,3,2,4,4,5,4,2,3,3,3,3,3,3,5,3,3,1,4,2,2,4,4,2
SIMULATED_PRACTICE_DATA,SIM_0233,Enterprise risk,16+ years,4,4,2,2,3,3,2,4,3,4,2,3,4,4,3,1,4,2,3,4,3,3,4,3,4,3,2,2,3,3,4,2,4,3,3,3,4,2,3,1,4,2,4,4,5,1,4,2,2,2,4,2,2,4,2,3,3
SIMULATED_PRACTICE_DATA,SIM_0234,External audit,6 to 10 years,2,3,4,3,4,3,4,3,3,4,1,3,2,3,4,2,4,3,3,3,3,3,3,3,4,3,3,4,3,4,3,3,3,3,3,4,4,3,2,4,3,3,3,4,3,3,2,5,4,4,2,5,3,4,4,3,4
SIMULATED_PRACTICE_DATA,SIM_0235,Enterprise risk,11 to 15 years,2,4,4,3,4,3,3,5,5,5,2,4,2,3,2,3,4,4,4,5,3,3,4,4,4,2,4,3,2,3,1,4,2,3,4,1,2,3,3,4,1,3,3,2,4,4,3,4,3,5,1,5,2,3,3,4,3
SIMULATED_PRACTICE_DATA,SIM_0236,Credit/loan review,6 to 10 years,2,4,5,4,5,1,4,4,4,3,3,3,4,3,4,2,3,5,3,5,2,4,4,3,4,2,4,3,4,2,2,2,4,4,4,3,4,4,5,4,2,5,2,3,2,3,3,3,4,4,2,3,3,5,2,3,4
SIMULATED_PRACTICE_DATA,SIM_0237,External audit,Less than 2 years,2,4,4,4,2,1,5,5,5,5,1,5,3,2,3,2,2,2,4,4,2,3,3,2,3,3,2,3,4,2,3,2,3,2,2,3,2,2,5,5,2,4,5,4,5,3,5,3,3,3,2,4,3,5,2,2,3
SIMULATED_PRACTICE_DATA,SIM_0238,Quality assurance,2 to 5 years,2,4,5,4,4,1,5,4,3,4,2,3,3,2,1,2,3,4,4,4,2,4,4,4,3,2,5,4,4,4,3,3,4,5,4,2,4,3,5,2,4,2,5,4,5,2,3,4,3,5,3,3,5,5,4,1,5
SIMULATED_PRACTICE_DATA,SIM_0239,Credit/loan review,11 to 15 years,4,4,3,3,3,3,3,4,4,4,1,4,4,4,1,4,3,5,4,5,1,5,2,3,3,3,3,3,3,4,3,3,3,3,4,2,3,2,3,4,4,1,2,2,3,4,2,3,3,3,4,2,4,4,3,2,3
SIMULATED_PRACTICE_DATA,SIM_0240,Credit/loan review,Less than 2 years,2,4,4,3,3,3,4,3,4,2,3,4,4,4,4,3,3,3,3,4,3,4,5,5,4,2,4,4,4,4,2,5,3,3,3,3,5,3,4,4,3,3,4,3,5,2,4,4,4,4,2,4,3,5,4,3,5
SIMULATED_PRACTICE_DATA,SIM_0241,Compliance testing,2 to 5 years,2,4,5,3,3,3,5,4,4,3,3,3,4,4,4,1,4,5,4,5,2,5,4,5,4,3,4,4,4,4,3,5,5,5,4,2,5,3,4,4,1,2,4,4,3,2,5,4,4,4,2,5,5,5,5,1,5
SIMULATED_PRACTICE_DATA,SIM_0242,SOX controls,Less than 2 years,2,4,4,4,2,2,2,3,4,4,2,3,3,3,4,3,4,3,3,3,5,2,3,3,3,3,4,3,4,3,3,3,2,4,3,3,3,3,4,4,4,4,3,4,4,4,3,3,3,3,3,2,4,3,2,3,4
SIMULATED_PRACTICE_DATA,SIM_0243,External audit,2 to 5 years,2,4,4,3,4,2,3,3,3,4,3,2,4,3,3,2,3,4,3,3,4,4,4,4,4,3,1,2,2,2,4,2,4,4,4,4,4,4,3,2,3,4,3,4,4,2,3,4,3,3,2,4,3,2,2,3,3
SIMULATED_PRACTICE_DATA,SIM_0244,Internal audit,6 to 10 years,2,4,3,5,3,4,4,4,4,5,1,3,3,2,3,3,2,3,3,2,3,2,2,4,2,3,1,3,2,2,4,3,3,3,3,4,3,4,2,3,4,4,4,5,4,3,2,3,3,2,3,2,3,2,2,3,1
SIMULATED_PRACTICE_DATA,SIM_0245,Internal audit,6 to 10 years,2,4,3,4,4,2,4,5,3,4,2,3,4,4,3,3,3,4,4,4,1,4,3,2,3,3,3,3,5,5,1,5,5,4,3,3,4,2,4,3,4,2,4,5,5,1,3,4,4,3,4,3,3,3,4,1,4
SIMULATED_PRACTICE_DATA,SIM_0246,Compliance testing,6 to 10 years,2,4,4,3,2,4,3,3,4,3,3,3,4,4,2,2,4,3,3,3,3,5,2,2,3,4,4,4,3,4,3,3,3,4,3,3,3,4,2,2,3,2,2,2,2,4,3,5,3,4,2,4,3,5,4,5,4
SIMULATED_PRACTICE_DATA,SIM_0247,Internal audit,2 to 5 years,2,4,3,4,4,4,2,5,3,4,2,4,5,4,3,1,5,4,3,4,2,3,4,4,4,1,4,3,3,2,3,3,3,4,4,2,3,5,4,4,1,5,3,3,5,1,5,3,4,5,2,5,5,4,4,2,4
SIMULATED_PRACTICE_DATA,SIM_0248,External audit,16+ years,2,4,3,3,2,3,3,4,3,4,5,3,3,3,4,5,3,3,2,3,5,1,3,4,4,2,3,2,3,2,4,4,3,2,3,5,4,4,3,3,2,4,4,3,4,3,3,1,3,2,5,3,3,3,3,3,4
SIMULATED_PRACTICE_DATA,SIM_0249,Compliance testing,2 to 5 years,2,4,3,4,3,4,4,2,2,3,3,2,5,4,3,2,3,3,3,3,3,4,4,4,3,1,3,4,4,5,2,4,3,4,4,2,3,4,3,2,2,3,3,3,3,3,4,4,3,3,3,3,1,1,2,4,2
SIMULATED_PRACTICE_DATA,SIM_0250,External audit,2 to 5 years,2,3,3,3,3,2,3,2,2,2,4,3,3,4,1,4,3,3,4,2,4,2,3,5,4,2,3,4,4,4,2,3,2,3,3,4,3,4,3,2,2,2,3,3,3,2,3,4,3,4,3,3,1,3,3,4,3
